Pos,Player,Age,G,PA,AB,R,H,2B,3B,HR,RBI,SB,CS,BB,SO,IBB,HBP,SH,SF,DP,BA,OBP,SLG,OPS,OPS+,team,year,leauge,pit_bat
C,Bruce Petway**,30.0,57.0,197.0,165.0,26.0,36.0,4.0,2.0,2.0,20.0,6.0,3.0,22.0,7.0,,1.0,9.0,,,0.218,0.314,0.303,0.617,96.0,CAG,1916,2,bat
1B,Leroy Grant,27.0,58.0,228.0,209.0,27.0,58.0,14.0,1.0,1.0,39.0,6.0,1.0,12.0,4.0,,0.0,7.0,,,0.278,0.317,0.368,0.685,118.0,CAG,1916,2,bat
2B,Harry Bauchman,26.0,50.0,167.0,144.0,20.0,28.0,3.0,0.0,0.0,9.0,5.0,5.0,19.0,10.0,,0.0,4.0,,,0.19399999999999998,0.28800000000000003,0.215,0.504,60.0,CAG,1916,2,bat
3B,Bill Francis,37.0,62.0,244.0,199.0,27.0,42.0,10.0,0.0,0.0,22.0,1.0,4.0,31.0,2.0,,4.0,10.0,,,0.21100000000000002,0.32899999999999996,0.261,0.59,88.0,CAG,1916,2,bat
SS,John Henry Lloyd*,32.0,62.0,250.0,223.0,38.0,75.0,9.0,2.0,1.0,34.0,6.0,1.0,20.0,2.0,,2.0,5.0,,,0.336,0.396,0.408,0.804,156.0,CAG,1916,2,bat
LF,Pete Hill*,33.0,56.0,220.0,184.0,41.0,56.0,7.0,2.0,2.0,23.0,8.0,1.0,27.0,6.0,,2.0,7.0,,,0.304,0.39899999999999997,0.397,0.7959999999999999,153.0,CAG,1916,2,bat
CF,Jesse Barber*,28.0,59.0,249.0,227.0,36.0,71.0,8.0,6.0,0.0,31.0,8.0,2.0,13.0,7.0,,0.0,9.0,,,0.313,0.35,0.401,0.7509999999999999,139.0,CAG,1916,2,bat
RF,Frank Duncan*,28.0,60.0,242.0,211.0,26.0,62.0,5.0,1.0,1.0,27.0,2.0,5.0,18.0,9.0,,4.0,9.0,,,0.294,0.361,0.341,0.7020000000000001,123.0,CAG,1916,2,bat
LF,Judy Gans*,29.0,46.0,162.0,147.0,12.0,32.0,4.0,4.0,0.0,15.0,2.0,2.0,10.0,12.0,,1.0,4.0,,,0.218,0.272,0.299,0.5710000000000001,82.0,CAG,1916,2,bat
C,Clarkson Brazelton^,24.0,12.0,24.0,21.0,2.0,4.0,0.0,0.0,0.0,1.0,0.0,0.0,2.0,1.0,,0.0,1.0,,,0.19,0.261,0.19,0.451,44.0,CAG,1916,2,bat
C,Buddy Hayes,20.0,5.0,9.0,8.0,1.0,1.0,0.0,0.0,0.0,0.0,0.0,0.0,1.0,1.0,,0.0,0.0,,,0.125,0.222,0.125,0.34700000000000003,10.0,CAG,1916,2,bat
C,Burlin White^,21.0,2.0,5.0,5.0,0.0,1.0,0.0,0.0,0.0,1.0,0.0,0.0,0.0,0.0,,0.0,0.0,,,0.2,0.2,0.2,0.4,27.0,CAG,1916,2,bat
2B,Jack Biran^,,1.0,1.0,1.0,0.0,0.0,0.0,0.0,0.0,0.0,0.0,0.0,0.0,0.0,,0.0,0.0,,,0.0,0.0,0.0,0.0,-100.0,CAG,1916,2,bat
SP,Tom Johnson,27.0,24.0,58.0,45.0,5.0,4.0,0.0,0.0,0.0,1.0,0.0,0.0,11.0,4.0,,0.0,2.0,,,0.08900000000000001,0.268,0.08900000000000001,0.35700000000000004,14.0,CAG,1916,2,bat
SP,Frank Wickware,28.0,22.0,56.0,48.0,2.0,5.0,0.0,0.0,0.0,2.0,1.0,0.0,6.0,2.0,,0.0,2.0,,,0.10400000000000001,0.204,0.10400000000000001,0.308,-2.0,CAG,1916,2,bat
SP,Dick Whitworth,20.0,20.0,48.0,45.0,7.0,7.0,1.0,0.0,0.0,3.0,0.0,0.0,2.0,8.0,,0.0,1.0,,,0.156,0.191,0.17800000000000002,0.369,18.0,CAG,1916,2,bat
SP,Rube Foster,36.0,3.0,8.0,7.0,0.0,0.0,0.0,0.0,0.0,1.0,0.0,0.0,1.0,0.0,,0.0,0.0,,,0.0,0.125,0.0,0.125,-60.0,CAG,1916,2,bat
SP,Death Valley Scott^,,2.0,6.0,6.0,0.0,0.0,0.0,0.0,0.0,0.0,0.0,0.0,0.0,0.0,,0.0,0.0,,,0.0,0.0,0.0,0.0,-100.0,CAG,1916,2,bat
SP,Ruby Tyrees,24.0,3.0,4.0,4.0,0.0,0.0,0.0,0.0,0.0,0.0,0.0,0.0,0.0,1.0,,0.0,0.0,,,0.0,0.0,0.0,0.0,-100.0,CAG,1916,2,bat
SP,Steven Dixon^,,1.0,3.0,3.0,0.0,0.0,0.0,0.0,0.0,0.0,0.0,0.0,0.0,0.0,,0.0,0.0,,,0.0,0.0,0.0,0.0,-100.0,CAG,1916,2,bat
SP,Juan PadrÃ³n*,23.0,1.0,3.0,3.0,0.0,0.0,0.0,0.0,0.0,0.0,0.0,0.0,0.0,0.0,,0.0,0.0,,,0.0,0.0,0.0,0.0,-100.0,CAG,1916,2,bat
RP,Sam Crawford,24.0,1.0,2.0,2.0,0.0,0.0,0.0,0.0,0.0,0.0,0.0,0.0,0.0,0.0,,0.0,0.0,,,0.0,0.0,0.0,0.0,-100.0,CAG,1916,2,bat
SP,Davis^,,1.0,,0.0,0.0,0.0,0.0,0.0,0.0,0.0,0.0,0.0,0.0,0.0,,0.0,0.0,,,,,,,,CAG,1916,2,bat
C,Bruce Petway**,30.0,4.0,18.0,17.0,2.0,4.0,0.0,1.0,0.0,1.0,1.0,,0.0,0.0,,0.0,1.0,0.0,,0.235,0.235,0.353,0.588,63.0,CAG,1916,3,bat
1B,Leroy Grant,27.0,4.0,18.0,18.0,1.0,6.0,1.0,1.0,0.0,1.0,1.0,,0.0,1.0,,0.0,0.0,0.0,,0.33299999999999996,0.33299999999999996,0.5,0.833,131.0,CAG,1916,3,bat
2B,Harry Bauchman,26.0,4.0,16.0,15.0,1.0,2.0,1.0,1.0,0.0,1.0,0.0,,0.0,1.0,,0.0,1.0,0.0,,0.133,0.133,0.33299999999999996,0.467,26.0,CAG,1916,3,bat
3B,Bill Francis,37.0,4.0,16.0,11.0,2.0,4.0,0.0,0.0,0.0,1.0,2.0,,3.0,0.0,,1.0,1.0,0.0,,0.364,0.5329999999999999,0.364,0.897,159.0,CAG,1916,3,bat
SS,John Henry Lloyd*,32.0,4.0,18.0,17.0,1.0,4.0,0.0,0.0,0.0,1.0,0.0,,1.0,0.0,,0.0,0.0,0.0,,0.235,0.278,0.235,0.513,46.0,CAG,1916,3,bat
LF,Judy Gans*,29.0,4.0,17.0,16.0,4.0,3.0,2.0,0.0,0.0,0.0,0.0,,0.0,0.0,,0.0,1.0,0.0,,0.188,0.188,0.313,0.5,38.0,CAG,1916,3,bat
CF,Pete Hill*,33.0,4.0,18.0,17.0,6.0,7.0,1.0,0.0,3.0,6.0,0.0,,0.0,0.0,,0.0,0.0,1.0,,0.41200000000000003,0.389,1.0,1.389,274.0,CAG,1916,3,bat
RF,Frank Duncan*,28.0,4.0,18.0,16.0,1.0,6.0,3.0,0.0,0.0,3.0,0.0,,0.0,0.0,,2.0,0.0,0.0,,0.375,0.444,0.563,1.0070000000000001,181.0,CAG,1916,3,bat
SP,Tom Johnson,27.0,1.0,5.0,5.0,1.0,1.0,0.0,0.0,0.0,0.0,0.0,,0.0,0.0,,0.0,0.0,0.0,,0.2,0.2,0.2,0.4,13.0,CAG,1916,3,bat
SP,Edgar Washington^,18.0,1.0,4.0,4.0,0.0,0.0,0.0,0.0,0.0,0.0,0.0,,0.0,0.0,,0.0,0.0,0.0,,0.0,0.0,0.0,0.0,-100.0,CAG,1916,3,bat
RP,Rube Foster,36.0,1.0,4.0,4.0,1.0,1.0,0.0,0.0,0.0,1.0,0.0,,0.0,0.0,,0.0,0.0,0.0,,0.25,0.25,0.25,0.5,41.0,CAG,1916,3,bat
SP,Steven Dixon^,,1.0,3.0,3.0,0.0,0.0,0.0,0.0,0.0,0.0,0.0,,0.0,0.0,,0.0,0.0,0.0,,0.0,0.0,0.0,0.0,-100.0,CAG,1916,3,bat
SP,C. Bernice Wood^,20.0,1.0,,0.0,0.0,0.0,0.0,0.0,0.0,0.0,0.0,,0.0,0.0,,0.0,0.0,0.0,,,,,,,CAG,1916,3,bat
C,Biz Mackey**,24.0,90.0,366.0,328.0,59.0,121.0,16.0,17.0,8.0,83.0,5.0,,30.0,,,1.0,7.0,,,0.369,0.423,0.595,1.018,171.0,ABC,1922,2,bat
1B,Ben Taylor*,33.0,92.0,407.0,365.0,75.0,136.0,34.0,6.0,2.0,70.0,3.0,,29.0,,,1.0,12.0,,,0.373,0.42,0.515,0.935,150.0,ABC,1922,2,bat
2B,Connie Day,24.0,99.0,410.0,366.0,52.0,88.0,10.0,1.0,4.0,42.0,4.0,,24.0,,,0.0,20.0,,,0.24,0.287,0.306,0.593,59.0,ABC,1922,2,bat
3B,Henry Blackmon,30.0,100.0,425.0,368.0,49.0,93.0,9.0,5.0,4.0,45.0,4.0,,32.0,,,3.0,22.0,,,0.253,0.318,0.337,0.655,76.0,ABC,1922,2,bat
SS,Morten Clark*,32.0,80.0,362.0,308.0,53.0,72.0,6.0,1.0,1.0,26.0,8.0,,32.0,,,3.0,19.0,,,0.23399999999999999,0.312,0.26899999999999996,0.581,57.0,ABC,1922,2,bat
LF,Namon Washington^,28.0,99.0,455.0,392.0,74.0,100.0,8.0,2.0,3.0,46.0,12.0,,41.0,,,1.0,21.0,,,0.255,0.327,0.309,0.636,72.0,ABC,1922,2,bat
CF,Oscar Charleston*,25.0,101.0,454.0,401.0,105.0,150.0,25.0,18.0,19.0,102.0,21.0,,41.0,,,1.0,11.0,,,0.374,0.433,0.6679999999999999,1.102,193.0,ABC,1922,2,bat
RF,Crush Holloway**,25.0,87.0,346.0,302.0,43.0,85.0,13.0,3.0,4.0,41.0,11.0,,22.0,,,2.0,20.0,,,0.281,0.33399999999999996,0.384,0.718,93.0,ABC,1922,2,bat
C,Mack Eggleston**,25.0,61.0,216.0,181.0,29.0,43.0,7.0,2.0,2.0,22.0,3.0,,23.0,,,0.0,12.0,,,0.23800000000000002,0.324,0.331,0.655,76.0,ABC,1922,2,bat
C,Eddie Huff^,19.0,9.0,22.0,16.0,3.0,3.0,1.0,0.0,0.0,1.0,0.0,,3.0,,,1.0,2.0,,,0.188,0.35,0.25,0.6,63.0,ABC,1922,2,bat
LF,Charles Wesley,25.0,2.0,6.0,6.0,2.0,2.0,0.0,2.0,0.0,2.0,0.0,,0.0,,,0.0,0.0,,,0.33299999999999996,0.33299999999999996,1.0,1.3330000000000002,247.0,ABC,1922,2,bat
LF,Willie Woods*,24.0,1.0,3.0,2.0,0.0,0.0,0.0,0.0,0.0,0.0,0.0,,0.0,,,0.0,1.0,,,0.0,0.0,0.0,0.0,-100.0,ABC,1922,2,bat
SP,Lewis Hampton,21.0,51.0,149.0,133.0,32.0,48.0,8.0,3.0,7.0,35.0,2.0,,9.0,,,0.0,7.0,,,0.361,0.401,0.624,1.025,172.0,ABC,1922,2,bat
SP,Jim Jeffries*,29.0,42.0,101.0,92.0,8.0,17.0,1.0,0.0,0.0,5.0,0.0,,6.0,,,0.0,3.0,,,0.185,0.235,0.196,0.43,17.0,ABC,1922,2,bat
SP,William Ross^,28.0,28.0,82.0,74.0,6.0,23.0,6.0,1.0,0.0,11.0,0.0,,3.0,,,0.0,5.0,,,0.311,0.33799999999999997,0.419,0.757,102.0,ABC,1922,2,bat
SP,Wayne Carr,24.0,29.0,68.0,64.0,9.0,9.0,0.0,1.0,1.0,6.0,0.0,,1.0,,,1.0,2.0,,,0.141,0.16699999999999998,0.21899999999999997,0.385,3.0,ABC,1922,2,bat
SP,Anthony Mahoney,28.0,21.0,53.0,46.0,6.0,10.0,0.0,0.0,0.0,3.0,1.0,,6.0,,,0.0,1.0,,,0.217,0.308,0.217,0.525,43.0,ABC,1922,2,bat
SP,Dicta Johnson,35.0,7.0,9.0,9.0,0.0,0.0,0.0,0.0,0.0,0.0,0.0,,0.0,,,0.0,0.0,,,0.0,0.0,0.0,0.0,-100.0,ABC,1922,2,bat
SP,Bob McClure,31.0,3.0,8.0,6.0,0.0,1.0,0.0,0.0,0.0,0.0,0.0,,0.0,,,0.0,2.0,,,0.16699999999999998,0.16699999999999998,0.16699999999999998,0.33299999999999996,-10.0,ABC,1922,2,bat
PH,Howard^,,1.0,1.0,0.0,0.0,0.0,0.0,0.0,0.0,0.0,0.0,,0.0,,,0.0,1.0,,,,,,,,ABC,1922,2,bat
C,Louis Santop*,35.0,48.0,191.0,178.0,28.0,63.0,10.0,2.0,5.0,29.0,4.0,,9.0,,,,4.0,,,0.354,0.385,0.517,0.902,154.0,HIL,1924,1,bat
1B,George Carr**,29.0,52.0,186.0,173.0,35.0,51.0,13.0,4.0,1.0,26.0,13.0,,8.0,,,,5.0,,,0.295,0.326,0.434,0.759,114.0,HIL,1924,1,bat
2B,Frank Warfield,25.0,68.0,301.0,265.0,48.0,82.0,14.0,1.0,2.0,36.0,22.0,,18.0,,,,18.0,,,0.309,0.353,0.392,0.746,112.0,HIL,1924,1,bat
3B,Judy Johnson,24.0,68.0,285.0,256.0,50.0,86.0,21.0,5.0,4.0,47.0,10.0,,20.0,,,,9.0,,,0.336,0.384,0.504,0.888,151.0,HIL,1924,1,bat
SS,Biz Mackey**,26.0,68.0,294.0,273.0,50.0,90.0,19.0,3.0,4.0,42.0,8.0,,14.0,,,,7.0,,,0.33,0.36200000000000004,0.465,0.828,134.0,HIL,1924,1,bat
LF,Clint Thomas,27.0,68.0,293.0,266.0,46.0,77.0,15.0,7.0,8.0,49.0,14.0,,18.0,,,,9.0,,,0.289,0.335,0.489,0.823,132.0,HIL,1924,1,bat
CF,George Johnson,34.0,62.0,253.0,217.0,32.0,56.0,13.0,2.0,3.0,30.0,4.0,,23.0,,,,13.0,,,0.258,0.32899999999999996,0.37799999999999995,0.7070000000000001,101.0,HIL,1924,1,bat
RF,Otto Briggs*,33.0,57.0,265.0,224.0,37.0,65.0,12.0,2.0,0.0,14.0,11.0,,30.0,,,,11.0,,,0.29,0.374,0.36200000000000004,0.736,110.0,HIL,1924,1,bat
SS,Jake Stephens,24.0,28.0,116.0,104.0,11.0,19.0,4.0,1.0,1.0,7.0,4.0,,6.0,,,,6.0,,,0.183,0.22699999999999998,0.26899999999999996,0.49700000000000005,41.0,HIL,1924,1,bat
C,Joe Lewis,29.0,26.0,89.0,81.0,15.0,27.0,11.0,1.0,0.0,9.0,3.0,,6.0,,,,2.0,,,0.33299999999999996,0.379,0.494,0.873,147.0,HIL,1924,1,bat
1B,Toussaint Allen,28.0,27.0,72.0,63.0,5.0,14.0,2.0,1.0,0.0,3.0,1.0,,3.0,,,,6.0,,,0.222,0.258,0.28600000000000003,0.5429999999999999,54.0,HIL,1924,1,bat
SP,Nip Winters*,25.0,34.0,92.0,87.0,10.0,25.0,4.0,1.0,4.0,12.0,3.0,,2.0,,,,3.0,,,0.287,0.303,0.494,0.7979999999999999,124.0,HIL,1924,1,bat
SP,Red Ryan,26.0,26.0,77.0,71.0,5.0,11.0,1.0,0.0,0.0,3.0,3.0,,2.0,,,,4.0,,,0.155,0.17800000000000002,0.16899999999999998,0.34700000000000003,-1.0,HIL,1924,1,bat
SP,Phil Cockrell,28.0,21.0,54.0,47.0,8.0,11.0,0.0,1.0,0.0,5.0,3.0,,2.0,,,,5.0,,,0.23399999999999999,0.265,0.27699999999999997,0.542,54.0,HIL,1924,1,bat
SP,Reuben Curry,25.0,12.0,21.0,19.0,2.0,5.0,0.0,0.0,0.0,3.0,0.0,,1.0,,,,1.0,,,0.263,0.3,0.263,0.563,61.0,HIL,1924,1,bat
RP,Script Lee,25.0,12.0,19.0,16.0,2.0,6.0,0.0,0.0,0.0,4.0,1.0,,2.0,,,,1.0,,,0.375,0.444,0.375,0.8190000000000001,135.0,HIL,1924,1,bat
SP,Bullet Campbell^,28.0,1.0,1.0,1.0,0.0,0.0,0.0,0.0,0.0,0.0,0.0,,0.0,,,,0.0,,,0.0,0.0,0.0,0.0,-100.0,HIL,1924,1,bat
RP,Wilbert Pritchett^,27.0,1.0,,0.0,0.0,0.0,0.0,0.0,0.0,0.0,0.0,,0.0,,,,0.0,,,,,,,,HIL,1924,1,bat
C,Louis Santop*,35.0,9.0,29.0,24.0,2.0,8.0,0.0,0.0,0.0,2.0,0.0,0.0,4.0,0.0,2.0,0.0,1.0,0.0,0.0,0.33299999999999996,0.429,0.33299999999999996,0.762,146.0,HIL,1924,3,bat
1B,George Carr**,29.0,8.0,23.0,19.0,1.0,6.0,0.0,0.0,0.0,2.0,3.0,0.0,3.0,4.0,0.0,0.0,0.0,1.0,0.0,0.316,0.391,0.316,0.7070000000000001,128.0,HIL,1924,3,bat
2B,Frank Warfield,25.0,10.0,49.0,37.0,5.0,9.0,2.0,0.0,0.0,4.0,2.0,0.0,5.0,3.0,0.0,2.0,5.0,0.0,2.0,0.243,0.364,0.297,0.6609999999999999,113.0,HIL,1924,3,bat
3B,Biz Mackey**,26.0,10.0,48.0,41.0,7.0,10.0,0.0,1.0,0.0,1.0,1.0,2.0,6.0,1.0,3.0,0.0,1.0,0.0,0.0,0.244,0.34,0.293,0.633,104.0,HIL,1924,3,bat
SS,Judy Johnson,24.0,10.0,46.0,44.0,7.0,15.0,5.0,1.0,1.0,7.0,0.0,0.0,2.0,2.0,0.0,0.0,0.0,0.0,2.0,0.341,0.37,0.568,0.938,201.0,HIL,1924,3,bat
LF,Clint Thomas,27.0,10.0,46.0,38.0,6.0,8.0,1.0,0.0,0.0,3.0,1.0,0.0,3.0,3.0,0.0,0.0,4.0,1.0,1.0,0.21100000000000002,0.262,0.237,0.499,61.0,HIL,1924,3,bat
CF,George Johnson,34.0,10.0,43.0,38.0,4.0,9.0,2.0,2.0,0.0,4.0,0.0,0.0,3.0,6.0,0.0,1.0,1.0,0.0,0.0,0.237,0.31,0.395,0.7040000000000001,126.0,HIL,1924,3,bat
RF,Otto Briggs*,33.0,10.0,50.0,43.0,4.0,10.0,3.0,0.0,0.0,2.0,1.0,1.0,3.0,1.0,0.0,3.0,1.0,0.0,0.0,0.233,0.327,0.302,0.629,103.0,HIL,1924,3,bat
1B,Toussaint Allen,28.0,6.0,20.0,19.0,3.0,3.0,1.0,0.0,0.0,2.0,0.0,0.0,0.0,3.0,0.0,0.0,0.0,1.0,0.0,0.158,0.15,0.21100000000000002,0.361,16.0,HIL,1924,3,bat
C,Joe Lewis,29.0,7.0,17.0,17.0,1.0,3.0,1.0,0.0,0.0,3.0,0.0,0.0,0.0,1.0,0.0,0.0,0.0,0.0,1.0,0.17600000000000002,0.17600000000000002,0.235,0.41200000000000003,32.0,HIL,1924,3,bat
SS,Jake Stephens,24.0,1.0,2.0,2.0,0.0,0.0,0.0,0.0,0.0,0.0,0.0,0.0,0.0,0.0,0.0,0.0,0.0,0.0,0.0,0.0,0.0,0.0,0.0,-100.0,HIL,1924,3,bat
SP,Nip Winters*,25.0,7.0,21.0,18.0,1.0,4.0,0.0,0.0,0.0,2.0,1.0,0.0,3.0,4.0,1.0,0.0,0.0,0.0,0.0,0.222,0.33299999999999996,0.222,0.556,80.0,HIL,1924,3,bat
RP,Script Lee,25.0,4.0,9.0,7.0,1.0,2.0,0.0,0.0,0.0,1.0,0.0,0.0,2.0,2.0,0.0,0.0,0.0,0.0,0.0,0.28600000000000003,0.444,0.28600000000000003,0.73,136.0,HIL,1924,3,bat
RP,Reuben Curry,25.0,3.0,7.0,7.0,0.0,1.0,0.0,0.0,0.0,1.0,0.0,0.0,0.0,3.0,0.0,0.0,0.0,0.0,0.0,0.14300000000000002,0.14300000000000002,0.14300000000000002,0.28600000000000003,-8.0,HIL,1924,3,bat
SP,Phil Cockrell,28.0,4.0,4.0,4.0,0.0,0.0,0.0,0.0,0.0,0.0,0.0,0.0,0.0,0.0,0.0,0.0,0.0,0.0,0.0,0.0,0.0,0.0,0.0,-100.0,HIL,1924,3,bat
SP,Red Ryan,26.0,2.0,1.0,0.0,0.0,0.0,0.0,0.0,0.0,0.0,0.0,0.0,0.0,0.0,0.0,0.0,1.0,0.0,0.0,,,,,,HIL,1924,3,bat
-,Bullet Campbell^,28.0,2.0,,0.0,1.0,0.0,0.0,0.0,0.0,0.0,1.0,0.0,0.0,0.0,0.0,0.0,0.0,0.0,0.0,,,,,,HIL,1924,3,bat
C,Josh Gibson,19.0,48.0,201.0,183.0,39.0,57.0,14.0,4.0,8.0,42.0,0.0,0.0,13.0,3.0,,1.0,4.0,,,0.311,0.36,0.563,0.9229999999999999,158.0,HG,1931,1,bat
1B,Oscar Charleston*,34.0,48.0,215.0,189.0,36.0,63.0,14.0,6.0,3.0,33.0,1.0,0.0,18.0,0.0,,1.0,7.0,,,0.33299999999999996,0.39399999999999996,0.519,0.9129999999999999,157.0,HG,1931,1,bat
2B,George Scales,30.0,48.0,199.0,173.0,37.0,55.0,11.0,9.0,4.0,41.0,2.0,0.0,19.0,1.0,,1.0,6.0,,,0.318,0.389,0.555,0.9440000000000001,165.0,HG,1931,1,bat
3B,Jud Wilson*,35.0,42.0,187.0,164.0,52.0,68.0,10.0,4.0,10.0,44.0,3.0,0.0,19.0,0.0,,3.0,1.0,,,0.415,0.484,0.7070000000000001,1.1909999999999998,234.0,HG,1931,1,bat
SS,Bill Evans**,32.0,42.0,165.0,142.0,19.0,37.0,4.0,4.0,0.0,15.0,2.0,0.0,12.0,1.0,,0.0,11.0,,,0.261,0.318,0.345,0.6629999999999999,88.0,HG,1931,1,bat
LF,Vic Harris*,26.0,37.0,154.0,128.0,22.0,36.0,4.0,2.0,0.0,19.0,3.0,0.0,17.0,0.0,,2.0,7.0,,,0.281,0.374,0.344,0.718,105.0,HG,1931,1,bat
CF,Benny Jones,,25.0,102.0,91.0,11.0,27.0,3.0,1.0,1.0,16.0,0.0,1.0,5.0,0.0,,2.0,4.0,,,0.297,0.34700000000000003,0.385,0.732,107.0,HG,1931,1,bat
RF,Ted Page*,28.0,47.0,217.0,191.0,38.0,55.0,8.0,4.0,0.0,17.0,1.0,0.0,21.0,2.0,,0.0,5.0,,,0.28800000000000003,0.358,0.37200000000000005,0.73,107.0,HG,1931,1,bat
C,Ted Radcliffe,28.0,21.0,64.0,58.0,4.0,13.0,2.0,1.0,1.0,7.0,0.0,0.0,2.0,2.0,,2.0,2.0,,,0.22399999999999998,0.27399999999999997,0.345,0.619,74.0,HG,1931,1,bat
SS,Jake Stephens,31.0,17.0,62.0,56.0,6.0,14.0,5.0,0.0,0.0,5.0,0.0,0.0,4.0,2.0,,1.0,1.0,,,0.25,0.311,0.33899999999999997,0.6509999999999999,84.0,HG,1931,1,bat
LF,Ambrose Reid^,32.0,13.0,51.0,44.0,5.0,11.0,2.0,1.0,2.0,10.0,0.0,0.0,4.0,0.0,,0.0,3.0,,,0.25,0.313,0.47700000000000004,0.79,121.0,HG,1931,1,bat
LF,Oscar Owens,37.0,7.0,19.0,17.0,0.0,2.0,0.0,0.0,0.0,0.0,0.0,0.0,1.0,0.0,,0.0,1.0,,,0.11800000000000001,0.16699999999999998,0.11800000000000001,0.284,-18.0,HG,1931,1,bat
LF,Orville Singer^,32.0,2.0,8.0,7.0,1.0,2.0,0.0,1.0,0.0,2.0,0.0,0.0,1.0,0.0,,0.0,0.0,,,0.28600000000000003,0.375,0.5710000000000001,0.946,165.0,HG,1931,1,bat
SS,Jasper Washington,34.0,2.0,6.0,5.0,1.0,1.0,1.0,0.0,0.0,1.0,0.0,0.0,1.0,0.0,,0.0,0.0,,,0.2,0.33299999999999996,0.4,0.733,107.0,HG,1931,1,bat
C,Tex Burnett**,31.0,2.0,1.0,1.0,2.0,1.0,1.0,0.0,0.0,1.0,0.0,0.0,0.0,0.0,,0.0,0.0,,,1.0,1.0,2.0,3.0,732.0,HG,1931,1,bat
SP,George Britt,35.0,14.0,47.0,44.0,4.0,9.0,0.0,0.0,0.0,4.0,0.0,0.0,0.0,0.0,,0.0,3.0,,,0.205,0.205,0.205,0.409,16.0,HG,1931,1,bat
SP,Willie Foster**,27.0,13.0,42.0,38.0,1.0,0.0,0.0,0.0,0.0,0.0,0.0,0.0,1.0,2.0,,0.0,3.0,,,0.0,0.026000000000000002,0.0,0.026000000000000002,-92.0,HG,1931,1,bat
SP,Joe Williams,45.0,13.0,35.0,31.0,4.0,10.0,0.0,0.0,1.0,5.0,0.0,0.0,3.0,0.0,,0.0,1.0,,,0.32299999999999995,0.382,0.419,0.802,127.0,HG,1931,1,bat
SP,Lefty Williams*,36.0,11.0,31.0,30.0,3.0,5.0,1.0,0.0,0.0,1.0,0.0,0.0,0.0,0.0,,0.0,1.0,,,0.16699999999999998,0.16699999999999998,0.2,0.36700000000000005,4.0,HG,1931,1,bat
SP,Roy S. Williams^,23.0,8.0,15.0,14.0,1.0,2.0,0.0,0.0,0.0,1.0,0.0,0.0,0.0,0.0,,0.0,1.0,,,0.14300000000000002,0.14300000000000002,0.14300000000000002,0.28600000000000003,-19.0,HG,1931,1,bat
SP,Satchel Paige,24.0,1.0,3.0,2.0,0.0,0.0,0.0,0.0,0.0,0.0,0.0,0.0,1.0,0.0,,0.0,0.0,,,0.0,0.33299999999999996,0.0,0.33299999999999996,1.0,HG,1931,1,bat
C,Josh Gibson,24.0,50.0,208.0,175.0,51.0,68.0,7.0,4.0,18.0,66.0,6.0,,30.0,0.0,,0.0,3.0,,,0.389,0.478,0.7829999999999999,1.261,218.0,PC,1936,1,bat
1B,Johnny Washington*,20.0,52.0,178.0,154.0,37.0,53.0,6.0,5.0,2.0,34.0,1.0,,18.0,0.0,,0.0,6.0,,,0.344,0.413,0.48700000000000004,0.9,130.0,PC,1936,1,bat
2B,Dick Seay,31.0,55.0,207.0,179.0,19.0,41.0,5.0,1.0,0.0,23.0,1.0,,18.0,0.0,,1.0,9.0,,,0.22899999999999998,0.303,0.268,0.5710000000000001,47.0,PC,1936,1,bat
3B,Judy Johnson,36.0,53.0,217.0,188.0,25.0,43.0,10.0,1.0,0.0,20.0,5.0,,20.0,1.0,,1.0,8.0,,,0.22899999999999998,0.306,0.293,0.599,54.0,PC,1936,1,bat
SS,Chester Williams,30.0,46.0,176.0,156.0,21.0,45.0,10.0,1.0,1.0,27.0,1.0,,13.0,0.0,,1.0,6.0,,,0.28800000000000003,0.34700000000000003,0.385,0.732,87.0,PC,1936,1,bat
LF,Sam Bankhead,25.0,63.0,263.0,231.0,37.0,77.0,16.0,4.0,1.0,39.0,6.0,,20.0,0.0,,0.0,12.0,,,0.33299999999999996,0.386,0.45,0.8370000000000001,114.0,PC,1936,1,bat
CF,Cool Papa Bell**,33.0,41.0,186.0,165.0,39.0,48.0,4.0,2.0,1.0,20.0,6.0,,17.0,0.0,,0.0,4.0,,,0.29100000000000004,0.35700000000000004,0.358,0.715,84.0,PC,1936,1,bat
RF,Jimmie Crutchfield*,26.0,61.0,263.0,231.0,49.0,71.0,7.0,2.0,1.0,26.0,9.0,,24.0,0.0,,0.0,8.0,,,0.307,0.373,0.368,0.741,90.0,PC,1936,1,bat
C,Bill Perkins,30.0,43.0,163.0,146.0,16.0,40.0,5.0,1.0,3.0,26.0,1.0,,13.0,1.0,,1.0,3.0,,,0.27399999999999997,0.33799999999999997,0.384,0.721,84.0,PC,1936,1,bat
1B,Oscar Charleston*,39.0,32.0,110.0,93.0,18.0,32.0,8.0,0.0,4.0,18.0,0.0,,13.0,1.0,,1.0,3.0,,,0.344,0.43,0.5589999999999999,0.9890000000000001,152.0,PC,1936,1,bat
RF,Ralph Burgin,28.0,21.0,77.0,66.0,9.0,12.0,3.0,0.0,1.0,7.0,0.0,,8.0,0.0,,0.0,3.0,,,0.182,0.27,0.273,0.5429999999999999,40.0,PC,1936,1,bat
2B,Dan Wilson**,20.0,18.0,53.0,45.0,6.0,14.0,2.0,2.0,0.0,3.0,1.0,,5.0,0.0,,0.0,3.0,,,0.311,0.38,0.444,0.8240000000000001,111.0,PC,1936,1,bat
RF,Pete McQueen,27.0,5.0,18.0,18.0,1.0,4.0,1.0,0.0,0.0,1.0,0.0,,0.0,0.0,,0.0,0.0,,,0.222,0.222,0.278,0.5,27.0,PC,1936,1,bat
RF,Ed Stone*,26.0,1.0,4.0,4.0,0.0,2.0,0.0,0.0,0.0,0.0,0.0,,0.0,0.0,,0.0,0.0,,,0.5,0.5,0.5,1.0,157.0,PC,1936,1,bat
1B,Harry Williams,31.0,1.0,4.0,4.0,1.0,1.0,0.0,0.0,0.0,0.0,0.0,,0.0,0.0,,0.0,0.0,,,0.25,0.25,0.25,0.5,29.0,PC,1936,1,bat
SP,Leroy Matlock*,29.0,20.0,50.0,41.0,9.0,8.0,2.0,0.0,0.0,4.0,1.0,,5.0,0.0,,0.0,4.0,,,0.195,0.28300000000000003,0.244,0.527,36.0,PC,1936,1,bat
SP,Theolic Smith**,23.0,17.0,35.0,30.0,6.0,7.0,0.0,1.0,0.0,1.0,0.0,,4.0,0.0,,0.0,1.0,,,0.233,0.324,0.3,0.624,61.0,PC,1936,1,bat
SP,Bill Harvey*,28.0,16.0,35.0,29.0,2.0,2.0,1.0,0.0,0.0,0.0,0.0,,5.0,0.0,,0.0,1.0,,,0.069,0.20600000000000002,0.10300000000000001,0.309,-19.0,PC,1936,1,bat
SP,Satchel Paige,29.0,11.0,33.0,32.0,4.0,7.0,0.0,0.0,0.0,2.0,0.0,,1.0,0.0,,0.0,0.0,,,0.21899999999999997,0.242,0.21899999999999997,0.461,19.0,PC,1936,1,bat
SP,Willie Foster**,32.0,8.0,21.0,20.0,2.0,2.0,0.0,0.0,1.0,1.0,0.0,,0.0,0.0,,0.0,1.0,,,0.1,0.1,0.25,0.35,-13.0,PC,1936,1,bat
SP,Sam Streeter,35.0,7.0,21.0,21.0,0.0,7.0,0.0,0.0,0.0,3.0,0.0,,0.0,0.0,,0.0,0.0,,,0.33299999999999996,0.33299999999999996,0.33299999999999996,0.667,71.0,PC,1936,1,bat
SP,Harry Kincannon,26.0,7.0,15.0,15.0,0.0,2.0,0.0,0.0,0.0,0.0,0.0,,0.0,1.0,,0.0,0.0,,,0.133,0.133,0.133,0.267,-31.0,PC,1936,1,bat
RP,Jim Lewis^,,6.0,14.0,12.0,1.0,3.0,1.0,0.0,0.0,2.0,0.0,,1.0,0.0,,1.0,0.0,,,0.25,0.35700000000000004,0.33299999999999996,0.69,78.0,PC,1936,1,bat
RP,Spoon Carter*,33.0,9.0,13.0,10.0,5.0,4.0,0.0,0.0,0.0,1.0,0.0,,2.0,0.0,,0.0,1.0,,,0.4,0.5,0.4,0.9,133.0,PC,1936,1,bat
PH,Bill Harris^,28.0,1.0,1.0,1.0,0.0,0.0,0.0,0.0,0.0,0.0,0.0,,0.0,0.0,,0.0,0.0,,,0.0,0.0,0.0,0.0,-100.0,PC,1936,1,bat
C,Harry Else,32.0,25.0,85.0,75.0,14.0,22.0,0.0,1.0,0.0,7.0,3.0,,8.0,,,2.0,0.0,,,0.293,0.376,0.32,0.696,104.0,KCM,1938,2,bat
1B,Buck O'Neil,26.0,39.0,145.0,127.0,25.0,33.0,7.0,3.0,3.0,19.0,11.0,,16.0,,,0.0,2.0,,,0.26,0.34299999999999997,0.433,0.7759999999999999,125.0,KCM,1938,2,bat
2B,Newt Allen,37.0,34.0,141.0,127.0,21.0,33.0,6.0,0.0,1.0,18.0,3.0,,12.0,,,0.0,2.0,,,0.26,0.324,0.331,0.654,91.0,KCM,1938,2,bat
3B,Roosevelt Cox,24.0,31.0,113.0,96.0,10.0,21.0,2.0,5.0,0.0,13.0,2.0,,12.0,,,1.0,4.0,,,0.21899999999999997,0.312,0.344,0.6559999999999999,91.0,KCM,1938,2,bat
SS,Mex Johnson,26.0,35.0,124.0,110.0,19.0,24.0,1.0,4.0,0.0,10.0,4.0,,11.0,,,0.0,3.0,,,0.218,0.289,0.3,0.589,72.0,KCM,1938,2,bat
LF,Henry Milton*,26.0,40.0,174.0,157.0,41.0,49.0,6.0,6.0,2.0,20.0,24.0,,14.0,,,0.0,3.0,,,0.312,0.368,0.465,0.833,142.0,KCM,1938,2,bat
CF,Willard Brown,23.0,41.0,164.0,154.0,30.0,52.0,11.0,3.0,6.0,42.0,18.0,,10.0,,,0.0,0.0,,,0.33799999999999997,0.37799999999999995,0.565,0.943,173.0,KCM,1938,2,bat
RF,Ed Mayweather*,28.0,29.0,103.0,93.0,14.0,25.0,7.0,3.0,1.0,17.0,3.0,,8.0,,,0.0,2.0,,,0.26899999999999996,0.327,0.441,0.768,123.0,KCM,1938,2,bat
C,Frank Duncan,37.0,19.0,68.0,59.0,10.0,12.0,2.0,0.0,0.0,3.0,1.0,,6.0,,,1.0,2.0,,,0.203,0.28800000000000003,0.237,0.525,54.0,KCM,1938,2,bat
2B,Rainey Bibbs**,27.0,16.0,66.0,56.0,10.0,19.0,3.0,0.0,0.0,7.0,5.0,,8.0,,,2.0,0.0,,,0.33899999999999997,0.439,0.39299999999999996,0.8320000000000001,144.0,KCM,1938,2,bat
CF,Turkey Stearnes*,37.0,12.0,50.0,45.0,5.0,11.0,2.0,3.0,0.0,10.0,2.0,,3.0,,,0.0,2.0,,,0.244,0.292,0.42200000000000004,0.7140000000000001,107.0,KCM,1938,2,bat
LF,Bullet Rogan,44.0,13.0,32.0,28.0,5.0,6.0,1.0,0.0,0.0,3.0,1.0,,3.0,,,0.0,1.0,,,0.214,0.29,0.25,0.54,58.0,KCM,1938,2,bat
3B,Jack Marshall,29.0,7.0,29.0,28.0,1.0,5.0,0.0,1.0,0.0,4.0,3.0,,1.0,,,0.0,0.0,,,0.179,0.207,0.25,0.457,33.0,KCM,1938,2,bat
CF,Willie Simms*,29.0,3.0,14.0,12.0,0.0,3.0,0.0,0.0,0.0,0.0,0.0,,0.0,,,0.0,2.0,,,0.25,0.25,0.25,0.5,46.0,KCM,1938,2,bat
LF,Betts^,,3.0,11.0,9.0,2.0,1.0,0.0,0.0,0.0,1.0,2.0,,1.0,,,1.0,0.0,,,0.111,0.273,0.111,0.384,14.0,KCM,1938,2,bat
SS,Ted Strong**,21.0,2.0,9.0,8.0,3.0,3.0,1.0,1.0,1.0,4.0,0.0,,1.0,,,0.0,0.0,,,0.375,0.444,1.125,1.569,349.0,KCM,1938,2,bat
C,Ernest Smith*,30.0,1.0,4.0,3.0,1.0,0.0,0.0,0.0,0.0,0.0,0.0,,1.0,,,0.0,0.0,,,0.0,0.25,0.0,0.25,-24.0,KCM,1938,2,bat
C,Johnnie Dawson^,23.0,4.0,4.0,4.0,1.0,1.0,0.0,0.0,0.0,0.0,0.0,,0.0,,,0.0,0.0,,,0.25,0.25,0.25,0.5,46.0,KCM,1938,2,bat
C,Raymond Taylor,28.0,1.0,4.0,4.0,2.0,2.0,0.0,0.0,0.0,1.0,3.0,,0.0,,,0.0,0.0,,,0.5,0.5,0.5,1.0,192.0,KCM,1938,2,bat
LF,Pen Gilliard^,34.0,1.0,3.0,3.0,1.0,0.0,0.0,0.0,0.0,0.0,0.0,,0.0,,,0.0,0.0,,,0.0,0.0,0.0,0.0,-100.0,KCM,1938,2,bat
SP,Hilton Smith,31.0,22.0,58.0,57.0,8.0,21.0,6.0,0.0,3.0,13.0,0.0,,0.0,,,0.0,1.0,,,0.368,0.368,0.632,1.0,189.0,KCM,1938,2,bat
SP,Floyd Kranson,24.0,12.0,21.0,19.0,0.0,4.0,0.0,0.0,0.0,0.0,0.0,,1.0,,,0.0,1.0,,,0.21100000000000002,0.25,0.21100000000000002,0.461,35.0,KCM,1938,2,bat
SP,Frank Bradley,20.0,11.0,19.0,19.0,0.0,1.0,0.0,0.0,0.0,0.0,0.0,,0.0,,,0.0,0.0,,,0.053,0.053,0.053,0.105,-69.0,KCM,1938,2,bat
SP,Vet Barnes^,,7.0,16.0,15.0,3.0,3.0,1.0,0.0,0.0,4.0,0.0,,0.0,,,0.0,1.0,,,0.2,0.2,0.267,0.467,35.0,KCM,1938,2,bat
RP,Johnny Markham,29.0,12.0,14.0,13.0,1.0,3.0,1.0,0.0,0.0,1.0,0.0,,0.0,,,0.0,1.0,,,0.231,0.231,0.308,0.5379999999999999,56.0,KCM,1938,2,bat
SP,Lefty Moses^,23.0,5.0,9.0,9.0,0.0,1.0,0.0,0.0,0.0,0.0,0.0,,0.0,,,0.0,0.0,,,0.111,0.111,0.111,0.222,-35.0,KCM,1938,2,bat
SP,Andy Cooper,42.0,3.0,6.0,6.0,0.0,1.0,0.0,0.0,0.0,0.0,0.0,,0.0,,,0.0,0.0,,,0.16699999999999998,0.16699999999999998,0.16699999999999998,0.33299999999999996,-3.0,KCM,1938,2,bat
SP,Blackburn^,,2.0,5.0,5.0,1.0,0.0,0.0,0.0,0.0,0.0,0.0,,0.0,,,0.0,0.0,,,0.0,0.0,0.0,0.0,-100.0,KCM,1938,2,bat
RP,Eugene Bremer,21.0,2.0,3.0,1.0,1.0,0.0,0.0,0.0,0.0,0.0,0.0,,1.0,,,0.0,1.0,,,0.0,0.5,0.0,0.5,53.0,KCM,1938,2,bat
SP,Big Train Jackson*,21.0,5.0,3.0,3.0,0.0,0.0,0.0,0.0,0.0,0.0,0.0,,0.0,,,0.0,0.0,,,0.0,0.0,0.0,0.0,-100.0,KCM,1938,2,bat
RP,McLemore^,,1.0,,0.0,0.0,0.0,0.0,0.0,0.0,0.0,0.0,,0.0,,,0.0,0.0,,,,,,,,KCM,1938,2,bat
RP,Parker^,,1.0,,0.0,0.0,0.0,0.0,0.0,0.0,0.0,0.0,,0.0,,,0.0,0.0,,,,,,,,KCM,1938,2,bat
C,Ted Radcliffe,41.0,18.0,73.0,69.0,10.0,13.0,2.0,0.0,0.0,9.0,0.0,,2.0,,,,2.0,,,0.188,0.21100000000000002,0.217,0.429,38.0,BBB,1944,2,bat
1B,Piper Davis,26.0,24.0,96.0,91.0,10.0,19.0,3.0,1.0,2.0,12.0,0.0,,5.0,,,,0.0,,,0.209,0.25,0.33,0.58,86.0,BBB,1944,2,bat
2B,Tommy Sampson,31.0,21.0,85.0,76.0,15.0,26.0,4.0,2.0,0.0,11.0,2.0,,6.0,,,,3.0,,,0.342,0.39,0.447,0.838,169.0,BBB,1944,2,bat
3B,John Britton*,25.0,24.0,103.0,97.0,12.0,32.0,3.0,2.0,1.0,16.0,1.0,,5.0,,,,1.0,,,0.33,0.363,0.433,0.7959999999999999,156.0,BBB,1944,2,bat
SS,Artie Wilson*,23.0,22.0,101.0,95.0,17.0,40.0,4.0,4.0,0.0,15.0,1.0,,6.0,,,,0.0,,,0.42100000000000004,0.455,0.547,1.003,222.0,BBB,1944,2,bat
LF,Lester Lockett,32.0,18.0,65.0,60.0,6.0,12.0,3.0,0.0,0.0,9.0,1.0,,4.0,,,,1.0,,,0.2,0.25,0.25,0.5,61.0,BBB,1944,2,bat
CF,Felix McLaurin**,22.0,21.0,93.0,84.0,12.0,21.0,0.0,1.0,1.0,7.0,3.0,,7.0,,,,2.0,,,0.25,0.308,0.31,0.617,99.0,BBB,1944,2,bat
RF,Ed Steele*,27.0,23.0,96.0,83.0,17.0,26.0,4.0,3.0,2.0,17.0,3.0,,10.0,,,,3.0,,,0.313,0.387,0.506,0.893,187.0,BBB,1944,2,bat
1B,Leroy Morney**,35.0,12.0,35.0,31.0,2.0,8.0,1.0,0.0,0.0,1.0,0.0,,3.0,,,,1.0,,,0.258,0.324,0.29,0.614,98.0,BBB,1944,2,bat
LF,Leandy Young,35.0,9.0,32.0,31.0,3.0,10.0,2.0,0.0,0.0,1.0,0.0,,0.0,,,,1.0,,,0.32299999999999995,0.32299999999999995,0.387,0.71,128.0,BBB,1944,2,bat
C,Pepper Bassett**,33.0,6.0,20.0,20.0,0.0,2.0,0.0,0.0,0.0,2.0,0.0,,0.0,,,,0.0,,,0.1,0.1,0.1,0.2,-36.0,BBB,1944,2,bat
1B,Harrington^,,2.0,4.0,4.0,0.0,0.0,0.0,0.0,0.0,0.0,0.0,,0.0,,,,0.0,,,0.0,0.0,0.0,0.0,-100.0,BBB,1944,2,bat
LF,Johnny Scott*,30.0,1.0,3.0,3.0,0.0,0.0,0.0,0.0,0.0,0.0,0.0,,0.0,,,,0.0,,,0.0,0.0,0.0,0.0,-100.0,BBB,1944,2,bat
PH,Taylor^,,1.0,1.0,1.0,0.0,0.0,0.0,0.0,0.0,0.0,0.0,,0.0,,,,0.0,,,0.0,0.0,0.0,0.0,-100.0,BBB,1944,2,bat
PH,English^,,1.0,1.0,1.0,0.0,0.0,0.0,0.0,0.0,0.0,0.0,,0.0,,,,0.0,,,0.0,0.0,0.0,0.0,-100.0,BBB,1944,2,bat
SP,Alfred Saylor**,32.0,11.0,26.0,25.0,2.0,3.0,1.0,0.0,0.0,0.0,0.0,,0.0,,,,1.0,,,0.12,0.12,0.16,0.28,-10.0,BBB,1944,2,bat
SP,Alvin Gipson,30.0,8.0,21.0,21.0,0.0,5.0,0.0,0.0,0.0,2.0,0.0,,0.0,,,,0.0,,,0.23800000000000002,0.23800000000000002,0.23800000000000002,0.47600000000000003,53.0,BBB,1944,2,bat
SP,John Huber*,36.0,6.0,14.0,14.0,1.0,3.0,1.0,0.0,0.0,0.0,0.0,,0.0,,,,0.0,,,0.214,0.214,0.28600000000000003,0.5,60.0,BBB,1944,2,bat
SP,Fay Washington^,29.0,2.0,6.0,6.0,0.0,0.0,0.0,0.0,0.0,0.0,0.0,,0.0,,,,0.0,,,0.0,0.0,0.0,0.0,-100.0,BBB,1944,2,bat
SP,Dan Bankhead,24.0,2.0,5.0,5.0,4.0,4.0,0.0,1.0,0.0,3.0,0.0,,0.0,,,,0.0,,,0.8,0.8,1.2,2.0,540.0,BBB,1944,2,bat
SP,Alonzo Boone,36.0,1.0,5.0,4.0,0.0,0.0,0.0,0.0,0.0,0.0,0.0,,0.0,,,,1.0,,,0.0,0.0,0.0,0.0,-100.0,BBB,1944,2,bat
SP,Earl Bumpus*,30.0,1.0,4.0,4.0,0.0,0.0,0.0,0.0,0.0,0.0,0.0,,0.0,,,,0.0,,,0.0,0.0,0.0,0.0,-100.0,BBB,1944,2,bat
SP,Gready McKinnis,30.0,2.0,2.0,2.0,0.0,0.0,0.0,0.0,0.0,0.0,0.0,,0.0,,,,0.0,,,0.0,0.0,0.0,0.0,-100.0,BBB,1944,2,bat
SP,Specs Ellis^,,2.0,2.0,1.0,0.0,0.0,0.0,0.0,0.0,0.0,0.0,,1.0,,,,0.0,,,0.0,0.5,0.0,0.5,65.0,BBB,1944,2,bat
SP,Claude Hunter^,,1.0,1.0,1.0,0.0,0.0,0.0,0.0,0.0,0.0,0.0,,0.0,,,,0.0,,,0.0,0.0,0.0,0.0,-100.0,BBB,1944,2,bat
RP,Johnny Markham,35.0,2.0,1.0,1.0,0.0,0.0,0.0,0.0,0.0,0.0,0.0,,0.0,,,,0.0,,,0.0,0.0,0.0,0.0,-100.0,BBB,1944,2,bat
RP,Jimmie Newberry,25.0,2.0,,0.0,1.0,0.0,0.0,0.0,0.0,0.0,0.0,,0.0,,,,0.0,,,,,,,,BBB,1944,2,bat
RP,Pee Wee Jenkins,21.0,1.0,,0.0,0.0,0.0,0.0,0.0,0.0,0.0,0.0,,0.0,,,,0.0,,,,,,,,BBB,1944,2,bat
PH,Williams^,,1.0,1.0,1.0,0.0,0.0,0.0,0.0,0.0,0.0,0.0,,0.0,,,,0.0,,,0.0,0.0,0.0,0.0,-100.0,BBB,1944,2,bat
C,Ted Radcliffe,41.0,5.0,20.0,19.0,1.0,4.0,0.0,0.0,0.0,0.0,0.0,,0.0,,,0.0,1.0,0.0,,0.21100000000000002,0.21100000000000002,0.21100000000000002,0.42100000000000004,42.0,BBB,1944,3,bat
1B,Leroy Morney**,35.0,5.0,20.0,19.0,1.0,2.0,0.0,0.0,0.0,1.0,0.0,,0.0,,,0.0,0.0,1.0,,0.105,0.1,0.105,0.205,-31.0,BBB,1944,3,bat
2B,Piper Davis,26.0,5.0,22.0,22.0,2.0,4.0,0.0,0.0,0.0,1.0,1.0,,0.0,,,0.0,0.0,0.0,,0.182,0.182,0.182,0.364,23.0,BBB,1944,3,bat
3B,John Britton*,25.0,3.0,13.0,13.0,1.0,2.0,0.0,0.0,0.0,1.0,0.0,,0.0,,,0.0,0.0,0.0,,0.154,0.154,0.154,0.308,4.0,BBB,1944,3,bat
SS,Artie Wilson*,23.0,5.0,23.0,20.0,1.0,5.0,0.0,0.0,0.0,0.0,1.0,,2.0,,,1.0,0.0,0.0,,0.25,0.348,0.25,0.598,101.0,BBB,1944,3,bat
LF,Lester Lockett,32.0,5.0,19.0,19.0,0.0,6.0,1.0,0.0,0.0,3.0,0.0,,0.0,,,0.0,0.0,0.0,,0.316,0.316,0.368,0.684,131.0,BBB,1944,3,bat
CF,Felix McLaurin**,22.0,5.0,23.0,19.0,1.0,3.0,1.0,0.0,0.0,1.0,1.0,,4.0,,,0.0,0.0,0.0,,0.158,0.304,0.21100000000000002,0.515,73.0,BBB,1944,3,bat
RF,Ed Steele*,27.0,5.0,21.0,19.0,3.0,7.0,3.0,0.0,0.0,2.0,0.0,,2.0,,,0.0,0.0,0.0,,0.368,0.429,0.526,0.955,222.0,BBB,1944,3,bat
LF,Al Jones,,3.0,7.0,7.0,1.0,0.0,0.0,0.0,0.0,0.0,0.0,,0.0,,,0.0,0.0,0.0,,0.0,0.0,0.0,0.0,-100.0,BBB,1944,3,bat
SP,John Huber*,36.0,2.0,5.0,5.0,0.0,1.0,0.0,0.0,0.0,0.0,0.0,,0.0,,,0.0,0.0,0.0,,0.2,0.2,0.2,0.4,35.0,BBB,1944,3,bat
SP,Johnny Markham,35.0,2.0,5.0,5.0,0.0,1.0,0.0,0.0,0.0,0.0,0.0,,0.0,,,0.0,0.0,0.0,,0.2,0.2,0.2,0.4,35.0,BBB,1944,3,bat
SP,Alfred Saylor**,32.0,2.0,4.0,3.0,0.0,0.0,0.0,0.0,0.0,0.0,0.0,,1.0,,,0.0,0.0,0.0,,0.0,0.25,0.0,0.25,-17.0,BBB,1944,3,bat
SP,Earl Bumpus*,30.0,1.0,3.0,3.0,0.0,0.0,0.0,0.0,0.0,0.0,0.0,,0.0,,,0.0,0.0,0.0,,0.0,0.0,0.0,0.0,-100.0,BBB,1944,3,bat
RP,Alonzo Boone,36.0,1.0,2.0,2.0,1.0,1.0,0.0,0.0,0.0,0.0,0.0,,0.0,,,0.0,0.0,0.0,,0.5,0.5,0.5,1.0,237.0,BBB,1944,3,bat
C,Quincy Trouppe**,32.0,13.0,45.0,38.0,7.0,7.0,0.0,0.0,1.0,5.0,1.0,,7.0,,,0.0,0.0,,,0.184,0.311,0.263,0.574,71.0,CBE,1945,2,bat
1B,Archie Ware*,27.0,15.0,65.0,61.0,8.0,17.0,1.0,1.0,0.0,11.0,0.0,,3.0,,,0.0,1.0,,,0.27899999999999997,0.313,0.32799999999999996,0.64,90.0,CBE,1945,2,bat
2B,Johnnie Cowan,32.0,15.0,61.0,58.0,5.0,15.0,0.0,0.0,0.0,5.0,0.0,,1.0,,,0.0,2.0,,,0.259,0.271,0.259,0.53,57.0,CBE,1945,2,bat
3B,Parnell Woods,33.0,15.0,64.0,59.0,10.0,13.0,3.0,0.0,0.0,7.0,4.0,,2.0,,,2.0,1.0,,,0.22,0.27,0.271,0.541,61.0,CBE,1945,2,bat
SS,Avelino CaÃ±izares,25.0,15.0,70.0,63.0,13.0,23.0,6.0,0.0,1.0,8.0,3.0,,7.0,,,0.0,0.0,,,0.365,0.429,0.508,0.937,177.0,CBE,1945,2,bat
LF,Buddy Armour*,30.0,12.0,47.0,45.0,5.0,12.0,0.0,2.0,0.0,3.0,0.0,,1.0,,,0.0,1.0,,,0.267,0.28300000000000003,0.35600000000000004,0.638,88.0,CBE,1945,2,bat
CF,Sam Jethroe**,28.0,16.0,69.0,59.0,11.0,20.0,5.0,4.0,0.0,14.0,5.0,,9.0,,,1.0,0.0,,,0.33899999999999997,0.435,0.5589999999999999,0.9940000000000001,193.0,CBE,1945,2,bat
RF,Willie Grace**,28.0,12.0,49.0,46.0,4.0,14.0,0.0,0.0,0.0,7.0,0.0,,2.0,,,0.0,1.0,,,0.304,0.33299999999999996,0.304,0.638,90.0,CBE,1945,2,bat
RF,Lloyd Davenport*,33.0,10.0,45.0,42.0,6.0,11.0,2.0,1.0,0.0,6.0,1.0,,3.0,,,0.0,0.0,,,0.262,0.311,0.35700000000000004,0.6679999999999999,98.0,CBE,1945,2,bat
LF,Earl Ashby,24.0,8.0,28.0,25.0,2.0,6.0,1.0,0.0,0.0,3.0,0.0,,3.0,,,0.0,0.0,,,0.24,0.321,0.28,0.601,79.0,CBE,1945,2,bat
C,Jesse Williams*,22.0,4.0,12.0,11.0,1.0,2.0,0.0,0.0,0.0,1.0,0.0,,1.0,,,0.0,0.0,,,0.182,0.25,0.182,0.43200000000000005,29.0,CBE,1945,2,bat
2B,Billy Horne,29.0,2.0,8.0,8.0,3.0,1.0,0.0,0.0,0.0,1.0,1.0,,0.0,,,0.0,0.0,,,0.125,0.125,0.125,0.25,-26.0,CBE,1945,2,bat
2B,Sam Bankhead,34.0,1.0,4.0,4.0,0.0,1.0,0.0,0.0,0.0,0.0,0.0,,0.0,,,0.0,0.0,,,0.25,0.25,0.25,0.5,48.0,CBE,1945,2,bat
CF,Jerry Benjamin**,35.0,1.0,4.0,3.0,0.0,1.0,1.0,0.0,0.0,1.0,0.0,,1.0,,,0.0,0.0,,,0.33299999999999996,0.5,0.667,1.167,244.0,CBE,1945,2,bat
PH,Breese^,,1.0,1.0,1.0,0.0,0.0,0.0,0.0,0.0,0.0,0.0,,0.0,,,0.0,0.0,,,0.0,0.0,0.0,0.0,-100.0,CBE,1945,2,bat
SP,Eugene Bremer,28.0,8.0,25.0,23.0,6.0,7.0,2.0,1.0,0.0,3.0,0.0,,2.0,,,0.0,0.0,,,0.304,0.36,0.478,0.838,147.0,CBE,1945,2,bat
SP,George Jefferson,22.0,9.0,23.0,22.0,3.0,4.0,0.0,1.0,0.0,1.0,0.0,,0.0,,,0.0,1.0,,,0.182,0.182,0.273,0.455,33.0,CBE,1945,2,bat
RP,Willie Jefferson,40.0,4.0,10.0,9.0,1.0,2.0,0.0,0.0,0.0,1.0,0.0,,1.0,,,0.0,0.0,,,0.222,0.3,0.222,0.522,56.0,CBE,1945,2,bat
SP,John Brown,26.0,2.0,6.0,6.0,1.0,1.0,0.0,0.0,0.0,0.0,0.0,,0.0,,,0.0,0.0,,,0.16699999999999998,0.16699999999999998,0.16699999999999998,0.33299999999999996,-1.0,CBE,1945,2,bat
SP,Satchel Davis,26.0,1.0,4.0,3.0,0.0,1.0,1.0,0.0,0.0,1.0,0.0,,1.0,,,0.0,0.0,,,0.33299999999999996,0.5,0.667,1.167,244.0,CBE,1945,2,bat
RP,Lovell Harden,27.0,2.0,1.0,1.0,0.0,0.0,0.0,0.0,0.0,0.0,0.0,,0.0,,,0.0,0.0,,,0.0,0.0,0.0,0.0,-100.0,CBE,1945,2,bat
RP,Rayford Finch^,,1.0,,0.0,0.0,0.0,0.0,0.0,0.0,0.0,0.0,,0.0,,,0.0,0.0,,,,,,,,CBE,1945,2,bat
PH,Provens^,,1.0,1.0,1.0,0.0,1.0,0.0,0.0,0.0,0.0,0.0,,0.0,,,0.0,0.0,,,1.0,1.0,1.0,2.0,494.0,CBE,1945,2,bat
C,Quincy Trouppe**,32.0,4.0,16.0,15.0,2.0,6.0,1.0,1.0,0.0,0.0,0.0,,1.0,,,0.0,0.0,,,0.4,0.43799999999999994,0.6,1.038,293.0,CBE,1945,3,bat
1B,Archie Ware*,27.0,4.0,17.0,15.0,3.0,2.0,0.0,0.0,0.0,0.0,0.0,,2.0,,,0.0,0.0,,,0.133,0.235,0.133,0.369,38.0,CBE,1945,3,bat
2B,Johnnie Cowan,32.0,4.0,15.0,12.0,1.0,2.0,0.0,0.0,0.0,2.0,0.0,,1.0,,,0.0,2.0,,,0.16699999999999998,0.231,0.16699999999999998,0.397,49.0,CBE,1945,3,bat
3B,Parnell Woods,33.0,4.0,16.0,15.0,1.0,2.0,0.0,0.0,0.0,2.0,0.0,,1.0,,,0.0,0.0,,,0.133,0.188,0.133,0.321,21.0,CBE,1945,3,bat
SS,Avelino CaÃ±izares,25.0,4.0,17.0,15.0,1.0,3.0,0.0,0.0,0.0,0.0,0.0,,1.0,,,0.0,1.0,,,0.2,0.25,0.2,0.45,69.0,CBE,1945,3,bat
LF,Buddy Armour*,30.0,4.0,15.0,13.0,3.0,4.0,1.0,0.0,0.0,2.0,1.0,,2.0,,,0.0,0.0,,,0.308,0.4,0.385,0.785,196.0,CBE,1945,3,bat
CF,Sam Jethroe**,28.0,4.0,17.0,15.0,1.0,4.0,0.0,1.0,0.0,2.0,1.0,,2.0,,,0.0,0.0,,,0.267,0.353,0.4,0.753,185.0,CBE,1945,3,bat
RF,Willie Grace**,28.0,4.0,16.0,16.0,2.0,5.0,0.0,0.0,1.0,3.0,0.0,,0.0,,,0.0,0.0,,,0.313,0.313,0.5,0.813,209.0,CBE,1945,3,bat
SP,Frank Carswell,24.0,1.0,4.0,3.0,1.0,0.0,0.0,0.0,0.0,0.0,0.0,,0.0,,,0.0,1.0,,,0.0,0.0,0.0,0.0,-100.0,CBE,1945,3,bat
SP,Willie Jefferson,40.0,1.0,3.0,2.0,0.0,0.0,0.0,0.0,0.0,0.0,0.0,,0.0,,,0.0,1.0,,,0.0,0.0,0.0,0.0,-100.0,CBE,1945,3,bat
SP,Eugene Bremer,28.0,1.0,3.0,3.0,0.0,2.0,1.0,0.0,0.0,2.0,0.0,,0.0,,,0.0,0.0,,,0.667,0.667,1.0,1.6669999999999998,533.0,CBE,1945,3,bat
SP,George Jefferson,22.0,1.0,3.0,3.0,0.0,0.0,0.0,0.0,0.0,1.0,0.0,,0.0,,,0.0,0.0,,,0.0,0.0,0.0,0.0,-100.0,CBE,1945,3,bat
